order_item_id,order_id,product_id,quantity
1,1,3,5
2,1,17,5
3,1,18,5
4,2,13,4
5,3,13,3
6,4,1,3
7,4,12,2
8,4,3,1
9,5,5,5
10,5,2,3
11,5,12,2
12,6,16,4
13,6,6,1
14,6,5,3
15,6,3,2
16,7,7,1
17,8,10,5
18,8,17,4
19,8,13,3
20,9,7,3
21,10,2,1
22,10,11,3
23,10,9,4
24,11,15,4
25,11,13,4
26,11,11,3
27,11,6,5
28,12,3,4
29,12,14,5
30,12,20,2
31,13,11,3
32,13,4,3
33,13,3,3
34,14,20,3
35,14,14,4
36,14,6,1
37,14,15,3
38,15,9,3
39,15,2,5
40,15,3,2
41,15,13,1
42,16,20,1
43,16,15,2
44,17,8,3
45,18,13,5
46,18,19,2
47,18,2,4
48,19,12,5
49,19,15,2
50,19,3,5
51,20,13,2
52,20,11,1
53,20,9,1
54,21,16,4
55,21,17,5
56,22,9,3
57,23,7,1
58,23,10,2
59,23,16,1
60,23,20,4
61,24,15,3
62,24,3,3
63,25,18,5
64,26,10,3
65,26,6,5
66,26,19,2
67,27,7,2
68,28,16,3
69,28,1,5
70,29,15,5
71,29,18,1
72,29,5,1
73,30,13,4
74,30,16,4
75,30,17,5
76,31,5,3
77,32,15,4
78,33,5,2
79,33,18,4
80,33,6,5
81,34,4,5
82,35,10,2
83,35,6,3
84,36,12,3
85,36,17,1
86,37,7,2
87,37,18,3
88,37,9,5
89,38,17,2
90,39,6,5
91,39,11,1
92,40,3,1
93,41,7,5
94,41,19,1
95,41,14,4
96,42,10,4
97,42,16,3
98,42,8,4
99,43,2,2
100,44,14,3
101,44,16,5
102,44,15,2
103,44,7,3
104,45,12,3
105,45,13,5
106,45,5,5
107,46,11,2
108,47,4,2
109,47,9,1
110,47,15,1
111,47,8,3
112,48,20,3
113,48,14,5
114,48,8,3
115,48,6,2
116,49,16,4
117,49,17,4
118,50,16,4
119,50,1,5
120,50,3,4
121,51,7,3
122,51,19,1
123,52,10,4
124,53,10,4
125,53,18,2
126,53,1,3
127,53,4,3
128,54,12,5
129,54,2,5
130,54,13,2
131,54,19,3
132,55,3,4
133,55,13,5
134,55,17,3
135,56,5,1
136,57,12,2
137,57,11,2
138,57,18,5
139,57,20,5
140,58,17,2
141,58,2,3
142,58,19,4
143,58,18,5
144,59,5,5
145,59,17,3
146,59,20,2
147,59,11,4
148,60,19,5
149,60,11,5
150,60,17,4
151,61,16,3
152,61,1,1
153,61,12,4
154,62,1,5
155,62,16,5
156,62,9,2
157,63,19,4
158,64,17,2
159,64,13,2
160,65,19,1
161,66,1,3
162,66,15,4
163,67,14,4
164,67,7,5
165,68,2,5
166,68,5,3
167,68,17,4
168,68,7,5
169,69,11,5
170,69,6,3
171,69,15,3
172,69,20,5
173,70,7,2
174,70,8,3
175,70,9,3
176,70,10,2
177,71,11,3
178,71,16,1
179,71,12,5
180,71,9,5
181,72,13,1
182,72,12,3
183,72,5,1
184,72,10,3
185,73,9,5
186,73,16,3
187,73,7,5
188,73,18,3
189,74,4,2
190,74,19,2
191,75,17,2
192,76,2,4
193,76,4,3
194,77,4,4
195,77,5,4
196,77,1,4
197,77,6,2
198,78,11,1
199,78,10,5
200,78,2,2
201,79,6,4
202,80,2,4
203,80,13,2
204,81,2,5
205,81,1,5
206,81,10,1
207,82,10,5
208,82,15,4
209,82,18,2
210,83,9,2
211,83,7,4
212,83,4,3
213,83,11,2
214,84,11,3
215,85,6,4
216,85,13,5
217,86,3,2
218,86,13,2
219,86,4,4
220,87,8,4
221,87,1,2
222,87,9,4
223,88,11,3
224,88,10,3
225,88,1,2
226,89,4,4
227,90,6,3
228,90,13,1
229,90,17,3
230,91,20,2
231,91,8,4
232,91,19,2
233,92,20,5
234,92,12,2
235,92,14,2
236,92,16,5
237,93,17,4
238,94,3,1
239,94,19,5
240,94,4,5
241,95,19,2
242,95,18,2
243,96,17,2
244,96,15,5
245,96,4,4
246,97,17,4
247,98,15,2
248,99,15,3
249,99,19,1
250,99,2,4
251,99,20,3
252,100,7,5
253,101,2,4
254,102,3,1
255,102,18,4
256,102,2,1
257,103,14,4
258,103,6,3
259,103,5,4
260,104,13,3
261,104,20,1
262,104,3,2
263,104,5,5
264,105,17,1
265,105,5,3
266,105,8,4
267,105,1,5
268,106,18,4
269,106,13,3
270,106,8,2
271,106,20,3
272,107,4,4
273,107,2,5
274,108,8,2
275,109,4,5
276,110,15,5
277,111,8,1
278,112,15,1
279,112,8,2
280,112,18,5
281,112,7,3
282,113,19,5
283,113,11,5
284,114,8,5
285,114,10,2
286,114,5,4
287,115,9,5
288,115,2,2
289,115,18,4
290,116,2,3
291,116,12,4
292,116,13,4
293,116,17,2
294,117,13,4
295,117,6,2
296,117,18,2
297,118,5,5
298,118,15,4
299,118,2,4
300,119,13,3
301,119,8,2
302,120,3,1
303,120,15,5
304,120,12,2
305,121,9,4
306,122,3,2
307,123,16,3
308,123,7,3
309,124,7,2
310,125,16,2
311,126,13,5
312,126,8,3
313,127,13,3
314,127,15,3
315,127,18,3
316,128,17,1
317,128,16,4
318,128,15,3
319,129,12,4
320,129,11,1
321,130,5,3
322,130,1,5
323,131,10,2
324,131,5,4
325,131,7,5
326,131,11,2
327,132,18,4
328,132,11,4
329,132,9,2
330,132,16,3
331,133,5,4
332,133,18,2
333,134,17,1
334,135,2,1
335,136,5,1
336,136,8,2
337,136,3,5
338,136,20,4
339,137,2,1
340,137,16,1
341,137,19,5
342,138,1,5
343,138,20,3
344,138,17,1
345,138,9,5
346,139,6,2
347,139,4,2
348,139,19,2
349,139,17,5
350,140,12,1
351,140,9,3
352,140,13,4
353,141,19,1
354,141,8,1
355,141,20,1
356,141,10,4
357,142,13,1
358,142,18,2
359,142,16,1
360,142,2,4
361,143,11,1
362,143,19,2
363,143,4,2
364,143,17,5
365,144,9,5
366,144,2,5
367,144,3,1
368,144,20,2
369,145,1,4
370,145,7,1
371,145,5,3
372,146,19,5
373,146,8,4
374,147,13,5
375,147,5,3
376,147,3,1
377,148,14,2
378,149,11,5
379,150,11,4
380,150,1,2
381,150,9,3
382,150,15,5
383,151,14,5
384,151,6,3
385,151,13,2
386,151,3,1
387,152,9,2
388,153,5,1
389,153,13,1
390,153,11,1
391,153,12,3
392,154,12,1
393,154,9,2
394,154,4,4
395,154,5,4
396,155,4,5
397,155,1,1
398,155,3,5
399,155,12,5
400,156,13,4
401,156,1,4
402,156,10,1
403,157,19,2
404,157,17,4
405,158,5,3
406,158,9,3
407,159,5,3
408,159,3,4
409,159,6,3
410,159,14,4
411,160,12,3
412,161,16,4
413,161,7,1
414,162,10,4
415,162,1,3
416,163,11,5
417,163,15,2
418,163,20,3
419,163,14,3
420,164,16,2
421,164,11,4
422,165,10,3
423,165,16,4
424,165,8,3
425,166,12,5
426,166,4,1
427,166,7,4
428,166,6,2
429,167,10,2
430,167,3,3
431,167,14,2
432,167,16,3
433,168,14,1
434,168,13,4
435,169,19,4
436,169,13,5
437,169,18,1
438,169,17,3
439,170,4,2
440,171,6,3
441,171,2,4
442,171,13,1
443,172,4,3
444,173,17,5
445,173,20,5
446,174,15,4
447,174,12,4
448,175,12,4
449,175,1,1
450,176,14,2
451,176,3,3
452,176,4,3
453,177,15,4
454,177,7,3
455,177,17,4
456,178,15,4
457,179,3,1
458,179,10,1
459,179,2,3
460,180,6,2
461,181,18,3
462,181,6,5
463,182,15,2
464,182,8,4
465,182,13,4
466,182,6,1
467,183,15,4
468,183,19,4
469,184,7,2
470,185,3,5
471,185,19,2
472,185,4,3
473,186,7,3
474,186,15,4
475,186,4,5
476,187,20,5
477,187,13,1
478,187,19,3
479,188,15,5
480,188,6,5
481,188,10,1
482,189,11,2
483,189,4,3
484,190,6,3
485,191,17,4
486,191,13,5
487,192,19,4
488,192,13,2
489,193,18,4
490,193,6,3
491,193,20,2
492,193,19,2
493,194,15,1
494,194,2,4
495,194,12,2
496,195,13,5
497,195,18,4
498,196,16,2
499,196,14,1
500,196,15,5
501,196,20,1
502,197,10,3
503,197,2,2
504,198,6,5
505,198,15,5
506,198,16,1
507,199,9,5
508,200,18,5
509,200,2,2
510,200,15,4
511,201,8,3
512,202,15,3
513,203,3,2
514,203,15,2
515,203,4,5
516,204,20,5
517,204,14,2
518,204,6,2
519,205,2,3
520,205,19,5
521,206,20,3
522,206,18,3
523,206,6,3
524,207,17,4
525,207,4,1
526,207,5,3
527,208,5,2
528,208,8,3
529,209,13,2
530,209,16,5
531,210,14,1
532,210,13,1
533,210,15,4
534,211,12,3
535,211,15,5
536,211,16,1
537,212,15,3
538,213,18,4
539,214,14,4
540,214,7,3
541,215,10,5
542,215,11,2
543,215,18,5
544,216,11,4
545,216,2,1
546,216,19,1
547,216,4,2
548,217,15,2
549,217,1,3
550,217,14,2
551,217,7,3
552,218,12,3
553,219,12,2
554,220,13,3
555,221,14,1
556,221,3,1
557,222,16,2
558,222,3,5
559,223,17,1
560,223,15,1
561,224,4,4
562,224,14,1
563,224,5,2
564,225,3,3
565,225,4,3
566,225,19,2
567,225,11,4
568,226,5,5
569,226,3,5
570,227,20,2
571,228,12,5
572,228,7,4
573,228,5,2
574,228,14,1
575,229,5,1
576,230,12,2
577,230,14,3
578,230,11,1
579,230,5,2
580,231,1,5
581,231,10,5
582,231,7,5
583,232,13,1
584,232,10,2
585,233,13,5
586,233,4,1
587,233,8,5
588,233,16,1
589,234,11,5
590,234,5,4
591,234,13,3
592,235,16,1
593,235,3,5
594,236,1,3
595,237,2,4
596,237,20,5
597,238,17,4
598,238,14,1
599,238,19,5
600,239,9,3
601,239,3,1
602,240,5,3
603,240,18,4
604,241,10,4
605,242,2,1
606,242,8,4
607,243,15,5
608,244,10,2
609,245,1,2
610,246,6,4
611,247,17,2
612,247,20,3
613,247,9,2
614,248,4,4
615,248,1,3
616,248,11,5
617,249,9,5
618,250,16,4
619,251,2,3
620,251,16,2
621,251,6,3
622,252,19,1
623,253,17,1
624,253,1,1
625,254,2,3
626,254,16,4
627,255,6,5
628,255,2,4
629,256,11,4
630,256,8,3
631,257,3,1
632,257,19,5
633,257,12,1
634,258,8,1
635,258,17,4
636,259,15,3
637,260,11,4
638,260,3,1
639,260,18,3
640,261,10,3
641,261,19,5
642,262,15,5
643,262,12,4
644,263,18,2
645,263,8,1
646,264,1,1
647,264,8,3
648,264,18,1
649,264,12,4
650,265,4,2
651,265,7,4
652,265,17,4
653,266,5,3
654,267,2,2
655,268,12,5
656,268,15,2
657,268,3,4
658,268,4,1
659,269,14,2
660,270,10,3
661,270,9,4
662,271,11,2
663,271,15,1
664,271,9,2
665,272,19,2
666,272,4,1
667,273,15,3
668,273,20,4
669,274,18,3
670,275,15,4
671,275,10,3
672,276,3,2
673,277,20,3
674,277,2,2
675,277,7,1
676,278,12,5
677,278,13,1
678,279,9,4
679,279,6,4
680,279,1,5
681,280,4,1
682,280,15,2
683,281,1,1
684,282,5,4
685,282,7,3
686,283,19,5
687,284,3,2
688,284,1,4
689,284,20,2
690,285,11,1
691,286,15,1
692,287,19,4
693,287,14,4
694,288,13,4
695,289,12,2
696,289,7,3
697,290,15,5
698,290,5,5
699,290,2,5
700,291,10,4
701,291,16,5
702,292,2,2
703,292,3,4
704,292,9,2
705,292,13,5
706,293,18,4
707,293,1,3
708,294,18,3
709,294,16,4
710,294,12,3
711,294,17,2
712,295,11,5
713,296,1,1
714,296,9,4
715,297,19,1
716,297,8,2
717,297,6,2
718,298,18,5
719,298,2,4
720,298,8,3
721,299,6,5
722,299,8,3
723,300,19,5
724,300,1,5
725,300,12,2
726,301,16,3
727,301,18,2
728,302,2,5
729,302,3,2
730,302,20,1
731,302,8,5
732,303,1,3
733,303,11,2
734,303,7,3
735,303,5,1
736,304,5,5
737,305,4,3
738,305,17,1
739,306,13,3
740,306,19,3
741,306,4,3
742,307,6,4
743,307,14,3
744,308,18,2
745,308,12,5
746,309,13,3
747,309,10,2
748,310,1,4
749,310,19,5
750,311,6,5
751,312,20,4
752,312,8,2
753,312,4,3
754,313,8,3
755,314,6,4
756,314,3,1
757,314,11,3
758,315,8,3
759,315,3,3
760,316,1,1
761,317,15,4
762,317,14,4
763,317,6,3
764,317,19,5
765,318,4,4
766,318,16,1
767,318,8,1
768,318,6,3
769,319,11,3
770,320,3,3
771,321,13,1
772,321,6,5
773,322,11,5
774,323,1,2
775,323,14,1
776,323,6,1
777,323,19,3
778,324,7,5
779,324,14,5
780,325,10,1
781,325,20,1
782,325,8,4
783,326,5,4
784,326,2,1
785,326,12,3
786,326,1,5
787,327,7,2
788,327,4,3
789,327,1,1
790,327,20,4
791,328,10,4
792,329,16,2
793,329,9,3
794,329,3,4
795,329,13,3
796,330,15,3
797,330,2,4
798,331,9,2
799,331,8,1
800,331,20,1
801,331,2,3
802,332,19,4
803,332,8,5
804,332,18,4
805,332,2,5
806,333,19,1
807,333,8,4
808,333,16,1
809,333,10,5
810,334,4,2
811,334,15,2
812,335,7,1
813,335,5,4
814,336,14,2
815,337,20,3
816,337,9,1
817,338,13,5
818,339,18,4
819,339,11,1
820,339,9,5
821,339,17,5
822,340,4,5
823,340,14,5
824,340,5,5
825,340,18,1
826,341,19,1
827,342,18,3
828,342,12,4
829,342,14,4
830,343,2,2
831,343,6,5
832,343,9,5
833,343,13,4
834,344,13,3
835,345,2,3
836,345,16,3
837,346,11,3
838,347,9,2
839,347,16,2
840,347,4,3
841,348,11,2
842,348,9,4
843,348,14,2
844,348,3,4
845,349,17,2
846,349,12,1
847,349,2,3
848,349,20,5
849,350,5,2
850,350,17,2
851,350,1,1
852,350,6,2
853,351,15,1
854,352,7,4
855,352,9,5
856,352,12,4
857,353,1,2
858,354,16,4
859,354,15,5
860,354,6,5
861,355,12,1
862,355,6,3
863,355,9,1
864,356,2,2
865,356,6,2
866,356,7,3
867,356,8,4
868,357,1,4
869,358,6,2
870,358,1,3
871,359,9,3
872,359,14,4
873,359,13,3
874,360,15,5
875,360,10,5
876,361,19,3
877,361,4,5
878,361,1,5
879,361,17,5
880,362,10,1
881,362,4,3
882,362,16,3
883,363,9,2
884,363,20,2
885,363,10,5
886,364,2,3
887,364,13,2
888,365,16,3
889,366,14,1
890,366,13,5
891,366,19,5
892,367,11,5
893,367,8,4
894,368,17,5
895,368,10,2
896,368,6,3
897,369,16,2
898,370,18,1
899,370,6,2
900,370,11,3
901,371,10,3
902,371,14,3
903,372,19,1
904,372,10,4
905,372,15,1
906,373,16,2
907,374,13,5
908,375,14,2
909,375,2,2
910,375,5,3
911,376,19,2
912,376,15,1
913,376,5,4
914,376,11,3
915,377,11,1
916,377,2,4
917,378,7,4
918,378,6,1
919,378,19,2
920,379,14,4
921,379,13,1
922,379,20,1
923,379,16,5
924,380,12,3
925,380,1,5
926,381,1,2
927,381,20,2
928,382,10,4
929,382,5,5
930,382,4,5
931,383,6,3
932,383,3,3
933,383,2,4
934,384,14,4
935,384,5,3
936,384,11,2
937,385,13,2
938,385,1,2
939,386,7,5
940,386,1,5
941,387,4,1
942,387,12,4
943,388,18,1
944,388,2,1
945,388,19,1
946,389,14,4
947,390,4,2
948,390,18,2
949,390,9,1
950,390,16,3
951,391,4,4
952,391,17,1
953,391,9,5
954,391,5,5
955,392,10,1
956,393,16,2
957,394,9,2
958,394,17,3
959,395,10,2
960,395,6,4
961,395,2,3
962,395,16,2
963,396,1,1
964,397,19,4
965,398,3,1
966,398,17,1
967,399,8,3
968,399,15,4
969,399,10,1
970,400,6,1
971,401,12,1
972,401,11,1
973,401,14,1
974,402,5,2
975,403,12,1
976,403,15,3
977,403,9,3
978,404,4,4
979,404,13,4
980,405,13,2
981,405,16,1
982,405,14,2
983,406,6,1
984,407,19,5
985,407,16,4
986,407,15,3
987,407,6,5
988,408,5,4
989,409,4,1
990,409,14,3
991,409,15,3
992,409,2,1
993,410,11,5
994,410,17,5
995,411,14,2
996,412,12,1
997,412,13,2
998,412,5,5
999,412,2,4
1000,413,6,2
1001,413,3,3
1002,413,16,3
1003,413,11,1
1004,414,18,4
1005,414,13,2
1006,415,15,4
1007,416,3,1
1008,416,16,4
1009,416,15,1
1010,416,11,1
1011,417,14,1
1012,417,2,5
1013,417,18,5
1014,417,1,3
1015,418,15,3
1016,418,11,1
1017,419,15,5
1018,419,11,5
1019,420,12,2
1020,420,15,1
1021,420,4,3
1022,420,18,3
1023,421,18,1
1024,421,17,1
1025,421,12,2
1026,422,5,5
1027,422,14,2
1028,422,4,2
1029,422,9,1
1030,423,7,1
1031,423,15,4
1032,423,20,1
1033,423,11,5
1034,424,15,4
1035,425,16,5
1036,425,1,1
1037,426,19,5
1038,426,16,2
1039,426,17,2
1040,426,6,1
1041,427,20,4
1042,427,11,5
1043,427,17,2
1044,427,13,3
1045,428,11,2
1046,428,10,4
1047,428,15,5
1048,428,5,5
1049,429,18,2
1050,429,11,2
1051,429,20,2
1052,430,12,5
1053,430,5,5
1054,430,6,3
1055,431,12,5
1056,432,19,4
1057,432,20,1
1058,432,14,5
1059,432,10,1
1060,433,13,2
1061,434,2,2
1062,435,6,2
1063,435,10,1
1064,435,9,3
1065,436,18,3
1066,436,2,4
1067,437,20,5
1068,438,18,2
1069,438,13,5
1070,439,2,4
1071,439,13,3
1072,439,19,5
1073,440,1,3
1074,441,20,2
1075,441,15,3
1076,442,7,4
1077,442,10,2
1078,443,6,2
1079,444,13,1
1080,445,9,2
1081,445,18,5
1082,445,20,3
1083,445,5,1
1084,446,15,2
1085,446,5,3
1086,446,2,5
1087,447,20,3
1088,448,19,3
1089,448,18,5
1090,448,12,2
1091,448,3,2
1092,449,17,2
1093,450,18,3
1094,450,20,2
1095,450,13,2
1096,450,3,3
1097,451,12,5
1098,451,10,5
1099,451,7,4
1100,452,4,3
1101,453,8,4
1102,453,20,1
1103,453,2,4
1104,453,11,3
1105,454,1,5
1106,454,17,5
1107,454,12,4
1108,455,2,5
1109,455,10,1
1110,455,7,1
1111,455,11,2
1112,456,3,2
1113,457,14,2
1114,457,4,5
1115,458,3,3
1116,458,5,1
1117,458,1,1
1118,458,15,1
1119,459,6,3
1120,460,19,2
1121,461,14,4
1122,461,13,4
1123,461,15,3
1124,462,13,1
1125,463,20,1
1126,464,3,3
1127,465,10,3
1128,466,10,4
1129,467,13,5
1130,467,1,2
1131,467,16,2
1132,467,6,4
1133,468,5,1
1134,468,10,5
1135,468,12,5
1136,469,4,1
1137,469,2,5
1138,470,18,2
1139,470,20,3
1140,470,3,2
1141,470,10,4
1142,471,6,2
1143,471,20,5
1144,472,7,5
1145,472,4,1
1146,472,6,5
1147,473,18,3
1148,473,3,1
1149,473,10,2
1150,473,19,5
1151,474,11,1
1152,474,12,3
1153,474,5,5
1154,474,8,1
1155,475,11,4
1156,475,16,3
1157,476,19,3
1158,476,5,4
1159,476,12,2
1160,477,11,2
1161,478,14,3
1162,478,9,2
1163,479,16,3
1164,479,15,3
1165,479,19,4
1166,480,6,5
1167,481,9,2
1168,482,9,1
1169,482,3,1
1170,483,19,5
1171,484,19,5
1172,484,7,5
1173,484,2,4
1174,484,9,2
1175,485,13,2
1176,485,8,4
1177,485,10,5
1178,486,13,3
1179,487,8,5
1180,488,17,4
1181,488,5,2
1182,489,19,2
1183,489,20,4
1184,490,2,2
1185,490,8,1
1186,490,16,3
1187,491,8,5
1188,491,2,3
1189,491,7,4
1190,492,15,1
1191,492,2,5
1192,492,19,3
1193,492,11,3
1194,493,13,3
1195,493,20,5
1196,494,17,3
1197,495,8,3
1198,495,17,4
1199,495,13,4
1200,495,12,5
1201,496,17,2
1202,497,6,3
1203,497,8,2
1204,497,3,2
1205,497,17,2
1206,498,12,2
1207,498,4,4
1208,499,4,4
1209,499,16,2
1210,499,19,5
1211,500,14,2
1212,500,1,1
1213,501,19,2
1214,501,20,2
1215,502,19,2
1216,503,6,3
1217,504,17,5
1218,504,13,5
1219,505,10,1
1220,506,15,4
1221,506,16,2
1222,507,14,5
1223,507,5,2
1224,508,6,5
1225,508,11,5
1226,508,15,1
1227,509,13,2
1228,509,20,1
1229,510,7,5
1230,511,5,5
1231,511,4,5
1232,511,6,1
1233,511,16,5
1234,512,3,4
1235,513,20,1
1236,513,18,4
1237,514,12,2
1238,514,2,4
1239,514,17,4
1240,514,14,3
1241,515,14,2
1242,516,16,3
1243,516,8,5
1244,516,3,5
1245,517,9,5
1246,517,7,5
1247,517,1,1
1248,517,18,5
1249,518,13,2
1250,519,14,2
1251,519,12,4
1252,519,4,5
1253,520,9,5
1254,520,18,3
1255,520,14,5
1256,521,13,5
1257,521,7,5
1258,521,14,4
1259,522,12,5
1260,522,18,4
1261,523,10,4
1262,523,19,2
1263,523,12,1
1264,524,15,1
1265,524,6,2
1266,525,11,4
1267,525,18,1
1268,525,2,1
1269,525,6,2
1270,526,20,3
1271,526,14,2
1272,526,3,3
1273,526,18,1
1274,527,13,4
1275,528,20,4
1276,528,2,4
1277,528,6,1
1278,529,17,2
1279,529,10,1
1280,530,20,1
1281,530,6,3
1282,531,1,1
1283,531,6,3
1284,532,12,5
1285,532,13,1
1286,532,19,1
1287,532,7,1
1288,533,18,3
1289,533,19,3
1290,533,12,2
1291,534,15,5
1292,534,13,1
1293,535,6,1
1294,535,14,5
1295,535,17,1
1296,536,11,3
1297,536,4,5
1298,536,17,5
1299,537,15,2
1300,537,13,3
1301,537,16,4
1302,538,19,3
1303,538,1,1
1304,538,16,4
1305,538,4,2
1306,539,11,3
1307,539,14,5
1308,540,9,2
1309,541,3,1
1310,541,13,5
1311,541,11,2
1312,542,11,2
1313,542,12,2
1314,542,7,4
1315,542,9,2
1316,543,8,2
1317,543,9,2
1318,544,8,2
1319,544,12,1
1320,545,3,4
1321,546,18,1
1322,547,12,4
1323,547,11,2
1324,547,16,5
1325,547,9,3
1326,548,8,5
1327,548,19,4
1328,548,5,4
1329,548,2,5
1330,549,17,3
1331,550,6,4
1332,550,15,3
1333,550,4,1
1334,550,17,1
1335,551,13,1
1336,551,19,3
1337,552,20,5
1338,552,9,3
1339,552,6,2
1340,553,16,2
1341,553,11,4
1342,553,12,4
1343,554,14,3
1344,554,12,4
1345,555,15,5
1346,555,6,2
1347,555,5,1
1348,556,8,4
1349,556,18,2
1350,556,14,2
1351,557,16,2
1352,557,1,4
1353,558,5,4
1354,558,17,3
1355,558,18,3
1356,558,11,5
1357,559,13,1
1358,560,2,3
1359,560,7,4
1360,561,15,3
1361,562,12,5
1362,562,20,3
1363,562,18,3
1364,563,14,1
1365,564,20,2
1366,564,7,3
1367,564,18,3
1368,565,17,1
1369,565,16,4
1370,565,15,5
1371,566,15,3
1372,566,5,4
1373,566,6,5
1374,567,3,2
1375,567,20,3
1376,567,6,3
1377,567,11,3
1378,568,20,4
1379,568,13,3
1380,568,9,5
1381,569,14,2
1382,569,6,2
1383,569,19,3
1384,569,1,1
1385,570,6,1
1386,570,13,1
1387,571,16,5
1388,572,1,4
1389,573,4,3
1390,574,3,3
1391,574,13,2
1392,575,10,2
1393,575,15,2
1394,576,1,3
1395,576,2,3
1396,577,15,2
1397,577,18,5
1398,577,9,2
1399,577,20,5
1400,578,19,3
1401,578,14,4
1402,578,17,5
1403,578,10,2
1404,579,15,3
1405,580,14,3
1406,580,9,1
1407,580,5,1
1408,581,12,4
1409,581,10,5
1410,582,16,4
1411,583,1,5
1412,583,14,2
1413,583,10,1
1414,584,7,4
1415,584,14,4
1416,584,18,2
1417,585,13,2
1418,585,20,3
1419,586,14,2
1420,587,10,4
1421,587,18,2
1422,587,9,1
1423,588,5,1
1424,588,10,4
1425,589,9,1
1426,589,16,2
1427,589,7,1
1428,589,11,5
1429,590,6,1
1430,591,9,1
1431,591,5,2
1432,591,15,1
1433,592,1,2
1434,592,16,3
1435,593,10,1
1436,593,16,3
1437,593,12,1
1438,593,15,2
1439,594,9,4
1440,595,18,4
1441,596,7,4
1442,596,9,1
1443,597,8,4
1444,598,8,1
1445,598,2,5
1446,598,7,2
1447,598,15,4
1448,599,10,5
1449,599,11,5
1450,599,6,1
1451,599,2,3
1452,600,10,2
1453,600,7,1
1454,600,12,2
1455,600,2,4
1456,601,1,5
1457,601,6,1
1458,601,9,4
1459,602,1,5
1460,602,2,4
1461,603,12,2
1462,603,3,2
1463,604,3,3
1464,604,11,2
1465,604,2,5
1466,604,18,1
1467,605,16,3
1468,605,8,5
1469,606,15,4
1470,606,7,3
1471,606,1,2
1472,607,2,5
1473,607,16,3
1474,607,15,5
1475,608,7,3
1476,608,19,4
1477,608,6,3
1478,608,12,5
1479,609,3,2
1480,609,17,4
1481,610,9,4
1482,610,18,1
1483,610,12,5
1484,611,6,3
1485,611,1,1
1486,611,12,5
1487,611,8,4
1488,612,17,5
1489,612,16,2
1490,613,11,1
1491,613,14,1
1492,613,20,5
1493,614,2,2
1494,615,2,1
1495,615,7,4
1496,616,4,5
1497,616,2,4
1498,617,17,3
1499,617,19,2
1500,617,9,5
1501,617,2,1
1502,618,7,4
1503,619,15,1
1504,620,18,1
1505,620,14,5
1506,620,12,3
1507,621,3,3
1508,622,7,5
1509,623,4,2
1510,624,7,5
1511,624,20,2
1512,624,17,5
1513,624,8,5
1514,625,4,4
1515,625,19,1
1516,625,12,2
1517,625,15,2
1518,626,17,3
1519,626,11,3
1520,626,6,5
1521,626,15,3
1522,627,14,5
1523,627,20,2
1524,627,11,5
1525,628,13,3
1526,628,18,3
1527,629,15,3
1528,629,13,5
1529,629,1,1
1530,629,2,5
1531,630,10,3
1532,630,1,2
1533,631,11,3
1534,631,1,5
1535,632,4,4
1536,632,2,3
1537,633,5,3
1538,633,9,5
1539,634,8,3
1540,634,9,1
1541,635,19,4
1542,635,7,2
1543,635,3,4
1544,635,11,5
1545,636,20,3
1546,637,19,4
1547,638,2,3
1548,639,14,2
1549,639,20,5
1550,639,4,1
1551,640,2,3
1552,640,10,5
1553,640,17,5
1554,640,20,2
1555,641,17,1
1556,641,8,4
1557,641,5,4
1558,642,8,4
1559,643,13,3
1560,643,5,1
1561,643,19,4
1562,644,18,4
1563,645,3,4
1564,645,13,2
1565,645,17,2
1566,646,18,5
1567,646,7,2
1568,646,16,5
1569,646,13,5
1570,647,8,3
1571,647,3,4
1572,648,19,4
1573,648,3,4
1574,648,4,3
1575,649,7,5
1576,649,11,1
1577,649,12,3
1578,650,12,5
1579,650,15,2
1580,651,2,2
1581,651,8,1
1582,651,7,1
1583,651,12,1
1584,652,20,3
1585,652,5,1
1586,653,4,4
1587,653,10,1
1588,653,15,3
1589,654,18,2
1590,654,7,5
1591,655,18,1
1592,655,16,4
1593,655,5,5
1594,656,9,2
1595,657,10,2
1596,658,2,1
1597,658,15,4
1598,658,1,3
1599,659,4,4
1600,659,1,2
1601,659,10,4
1602,660,11,4
1603,661,6,2
1604,662,18,5
1605,662,1,3
1606,662,2,3
1607,662,8,4
1608,663,6,3
1609,663,1,3
1610,663,12,2
1611,663,18,5
1612,664,2,1
1613,664,9,5
1614,664,13,3
1615,665,5,4
1616,665,11,2
1617,666,13,5
1618,667,14,5
1619,667,8,2
1620,668,10,2
1621,668,11,2
1622,668,15,5
1623,668,5,5
1624,669,5,5
1625,669,10,2
1626,670,5,1
1627,670,19,5
1628,670,6,5
1629,670,11,1
1630,671,11,1
1631,671,5,3
1632,672,14,2
1633,672,10,2
1634,672,15,1
1635,672,9,2
1636,673,1,5
1637,673,9,5
1638,674,20,2
1639,674,8,1
1640,675,3,5
1641,675,16,5
1642,675,5,4
1643,676,6,4
1644,676,13,2
1645,676,16,2
1646,677,8,4
1647,677,2,1
1648,678,14,2
1649,678,8,1
1650,678,7,2
1651,679,20,2
1652,679,16,4
1653,679,11,4
1654,679,15,1
1655,680,11,1
1656,680,13,5
1657,680,18,1
1658,680,17,4
1659,681,2,1
1660,681,8,5
1661,681,17,4
1662,681,13,5
1663,682,7,3
1664,683,13,2
1665,683,10,4
1666,683,19,3
1667,683,15,5
1668,684,17,2
1669,685,15,2
1670,685,3,5
1671,685,17,5
1672,685,4,2
1673,686,14,2
1674,686,11,4
1675,686,15,5
1676,686,1,2
1677,687,3,1
1678,687,9,1
1679,687,11,1
1680,687,6,4
1681,688,3,5
1682,688,17,5
1683,688,13,2
1684,689,18,3
1685,689,13,5
1686,689,2,2
1687,689,6,2
1688,690,6,4
1689,690,2,3
1690,691,15,1
1691,691,10,2
1692,691,6,2
1693,692,20,3
1694,693,15,4
1695,694,18,2
1696,694,1,5
1697,694,16,4
1698,694,8,4
1699,695,15,5
1700,695,3,3
1701,695,1,5
1702,695,8,5
1703,696,2,2
1704,696,6,1
1705,697,2,5
1706,697,5,5
1707,697,20,3
1708,698,3,4
1709,698,2,2
1710,698,4,2
1711,699,20,2
1712,699,19,4
1713,699,18,5
1714,700,2,3
1715,700,3,3
1716,700,10,4
1717,701,14,5
1718,702,10,4
1719,703,4,3
1720,703,9,5
1721,704,17,1
1722,704,7,5
1723,704,19,5
1724,704,2,1
1725,705,20,3
1726,705,10,5
1727,705,14,5
1728,705,11,5
1729,706,5,5
1730,706,19,4
1731,706,16,4
1732,707,20,3
1733,707,8,2
1734,708,4,1
1735,709,4,1
1736,709,7,3
1737,709,14,3
1738,709,18,5
1739,710,1,3
1740,710,7,3
1741,711,10,3
1742,712,1,3
1743,712,4,4
1744,712,11,5
1745,713,6,2
1746,714,11,1
1747,714,16,2
1748,714,19,4
1749,715,15,3
1750,715,18,4
1751,716,2,5
1752,716,17,5
1753,716,10,1
1754,716,11,2
1755,717,12,3
1756,717,3,1
1757,717,5,3
1758,718,18,5
1759,718,6,1
1760,718,13,3
1761,718,19,3
1762,719,9,4
1763,720,16,2
1764,721,15,5
1765,721,10,3
1766,721,7,2
1767,722,12,1
1768,723,3,5
1769,723,15,1
1770,724,17,4
1771,724,5,5
1772,724,7,3
1773,724,11,3
1774,725,4,2
1775,725,17,2
1776,726,15,4
1777,727,1,3
1778,728,20,1
1779,729,15,5
1780,729,2,3
1781,729,4,1
1782,730,7,2
1783,730,11,3
1784,730,20,3
1785,731,15,2
1786,731,4,2
1787,731,9,3
1788,732,1,5
1789,733,7,5
1790,734,18,2
1791,734,11,3
1792,734,9,5
1793,735,6,3
1794,735,3,5
1795,736,18,2
1796,736,15,1
1797,736,2,4
1798,737,4,4
1799,738,3,4
1800,739,6,3
1801,739,19,3
1802,739,15,2
1803,739,12,5
1804,740,15,5
1805,741,3,1
1806,741,15,4
1807,742,15,2
1808,742,16,2
1809,742,8,5
1810,743,12,3
1811,743,13,3
1812,743,6,4
1813,744,1,3
1814,744,3,4
1815,744,16,4
1816,744,4,2
1817,745,12,5
1818,745,19,1
1819,745,5,4
1820,746,11,5
1821,747,10,5
1822,748,13,5
1823,748,19,2
1824,748,14,5
1825,748,8,2
1826,749,13,5
1827,749,3,4
1828,749,11,4
1829,749,7,5
1830,750,18,1
1831,750,8,5
1832,750,6,4
1833,751,19,5
1834,752,11,2
1835,752,18,3
1836,752,4,4
1837,752,15,1
1838,753,20,4
1839,754,16,2
1840,754,2,2
1841,754,3,5
1842,755,5,2
1843,756,18,2
1844,756,10,2
1845,756,13,3
1846,756,15,3
1847,757,14,5
1848,757,12,1
1849,757,3,5
1850,758,5,5
1851,758,10,1
1852,758,2,1
1853,758,12,5
1854,759,4,2
1855,759,10,4
1856,759,1,5
1857,760,11,4
1858,760,13,5
1859,760,19,2
1860,760,18,2
1861,761,5,3
1862,761,7,4
1863,761,18,2
1864,761,13,3
1865,762,5,1
1866,762,1,1
1867,763,16,2
1868,763,14,1
1869,764,14,5
1870,764,15,4
1871,765,15,4
1872,765,17,5
1873,766,13,4
1874,766,12,5
1875,766,8,1
1876,766,6,5
1877,767,8,5
1878,767,17,5
1879,767,9,3
1880,767,14,1
1881,768,19,4
1882,769,4,1
1883,769,19,2
1884,769,16,5
1885,770,15,5
1886,770,17,5
1887,770,3,1
1888,771,16,5
1889,771,3,5
1890,772,20,5
1891,772,2,1
1892,772,11,4
1893,773,17,3
1894,773,16,3
1895,773,11,3
1896,773,14,2
1897,774,20,3
1898,775,2,5
1899,775,16,1
1900,775,6,3
1901,776,10,4
1902,777,5,5
1903,778,9,3
1904,779,20,3
1905,779,9,3
1906,780,4,5
1907,781,19,4
1908,781,5,3
1909,782,9,4
1910,782,8,2
1911,783,11,1
1912,784,20,4
1913,784,5,4
1914,785,8,5
1915,785,15,3
1916,785,6,1
1917,785,7,3
1918,786,2,2
1919,787,13,5
1920,787,16,2
1921,787,10,4
1922,787,19,4
1923,788,9,1
1924,788,5,3
1925,788,17,4
1926,788,14,4
1927,789,17,5
1928,789,2,3
1929,789,4,4
1930,790,11,1
1931,790,9,3
1932,790,19,5
1933,791,15,3
1934,791,8,2
1935,791,7,3
1936,791,17,5
1937,792,1,1
1938,793,14,1
1939,794,15,3
1940,795,10,2
1941,795,9,1
1942,796,20,1
1943,797,20,2
1944,798,4,1
1945,799,13,2
1946,799,19,1
1947,800,9,4
1948,800,10,1
1949,801,9,2
1950,801,14,1
1951,801,11,3
1952,801,20,1
1953,802,13,3
1954,802,11,2
1955,802,2,4
1956,802,9,1
1957,803,7,1
1958,803,13,2
1959,803,6,5
1960,803,16,4
1961,804,20,4
1962,804,4,3
1963,805,2,1
1964,806,19,3
1965,807,1,1
1966,807,16,4
1967,807,5,3
1968,807,20,2
1969,808,13,5
1970,808,19,4
1971,808,1,4
1972,809,13,1
1973,809,3,4
1974,809,18,4
1975,809,8,1
1976,810,11,1
1977,810,10,1
1978,810,13,3
1979,811,3,2
1980,811,15,2
1981,811,10,5
1982,812,13,2
1983,813,13,4
1984,813,4,1
1985,813,12,4
1986,814,5,2
1987,814,2,1
1988,815,16,1
1989,815,13,5
1990,816,16,1
1991,816,18,1
1992,816,15,3
1993,817,11,1
1994,818,4,5
1995,818,7,2
1996,818,17,5
1997,818,15,2
1998,819,2,2
1999,820,1,2
2000,820,16,1
2001,820,2,2
2002,820,8,1
2003,821,4,5
2004,821,15,1
2005,821,6,1
2006,822,16,5
2007,823,3,4
2008,823,7,3
2009,824,11,3
2010,824,4,2
2011,824,18,1
2012,824,5,5
2013,825,11,1
2014,825,3,3
2015,826,14,3
2016,826,6,5
2017,827,15,5
2018,827,8,1
2019,828,4,2
2020,828,13,1
2021,829,3,1
2022,829,1,5
2023,829,19,3
2024,829,6,4
2025,830,5,5
2026,830,7,4
2027,830,20,4
2028,830,9,2
2029,831,20,5
2030,831,2,2
2031,832,20,4
2032,832,3,1
2033,832,10,5
2034,832,12,2
2035,833,4,1
2036,833,17,5
2037,834,18,4
2038,834,17,2
2039,834,8,3
2040,835,7,1
2041,836,16,2
2042,836,20,2
2043,837,2,3
2044,838,7,3
2045,838,14,5
2046,838,9,4
2047,839,4,1
2048,840,6,4
2049,840,1,5
2050,841,3,2
2051,842,19,2
2052,842,20,3
2053,842,11,2
2054,842,14,1
2055,843,8,4
2056,843,4,2
2057,843,20,4
2058,844,3,5
2059,844,16,4
2060,845,14,2
2061,846,20,2
2062,846,15,4
2063,847,5,3
2064,847,15,3
2065,847,7,2
2066,848,5,3
2067,848,2,2
2068,848,19,1
2069,849,15,2
2070,849,14,3
2071,849,6,5
2072,849,11,2
2073,850,19,2
2074,850,18,1
2075,851,17,4
2076,851,16,3
2077,851,7,1
2078,851,19,4
2079,852,8,4
2080,852,11,5
2081,853,19,5
2082,853,5,1
2083,854,2,1
2084,854,20,4
2085,854,16,5
2086,854,17,4
2087,855,4,1
2088,855,15,5
2089,855,16,1
2090,855,8,4
2091,856,5,3
2092,856,12,2
2093,857,1,4
2094,858,6,4
2095,858,15,4
2096,858,1,2
2097,859,6,1
2098,859,12,4
2099,859,15,3
2100,859,1,5
2101,860,10,4
2102,861,20,1
2103,861,18,5
2104,861,7,3
2105,862,17,3
2106,863,4,4
2107,864,15,3
2108,864,2,2
2109,864,12,5
2110,865,18,2
2111,866,11,5
2112,866,8,1
2113,867,19,3
2114,867,7,3
2115,867,8,5
2116,867,11,4
2117,868,2,3
2118,868,3,4
2119,868,12,4
2120,869,16,5
2121,870,15,2
2122,870,12,4
2123,870,3,1
2124,871,13,2
2125,872,3,3
2126,872,4,1
2127,872,6,2
2128,873,5,3
2129,873,7,4
2130,873,17,5
2131,873,1,2
2132,874,12,3
2133,874,14,2
2134,874,15,1
2135,874,1,1
2136,875,17,4
2137,875,11,5
2138,876,11,5
2139,876,16,4
2140,876,17,4
2141,877,19,2
2142,877,5,3
2143,877,10,2
2144,878,12,3
2145,878,10,3
2146,878,2,4
2147,878,5,2
2148,879,18,2
2149,879,10,2
2150,880,6,1
2151,880,8,1
2152,881,19,3
2153,881,5,3
2154,881,15,2
2155,882,18,3
2156,882,2,3
2157,883,12,5
2158,883,15,2
2159,884,4,4
2160,884,1,2
2161,884,13,4
2162,885,5,5
2163,885,1,3
2164,885,18,3
2165,886,10,3
2166,886,19,1
2167,886,5,4
2168,886,15,1
2169,887,18,3
2170,887,4,1
2171,888,20,1
2172,888,8,3
2173,888,15,1
2174,888,12,5
2175,889,19,2
2176,889,17,3
2177,890,1,5
2178,890,3,4
2179,891,17,4
2180,892,16,5
2181,892,11,5
2182,893,12,4
2183,894,14,4
2184,894,12,3
2185,895,10,3
2186,896,10,1
2187,896,15,2
2188,896,18,4
2189,897,15,4
2190,897,10,2
2191,897,6,5
2192,897,14,5
2193,898,5,2
2194,899,16,1
2195,899,17,5
2196,899,11,4
2197,900,1,4
2198,901,14,4
2199,901,6,5
2200,901,18,2
2201,902,6,3
2202,902,13,5
2203,903,2,5
2204,903,10,4
2205,903,19,2
2206,903,16,1
2207,904,5,3
2208,905,16,4
2209,905,4,2
2210,905,10,4
2211,906,1,3
2212,906,4,4
2213,907,20,3
2214,908,19,1
2215,908,14,3
2216,908,9,5
2217,908,16,5
2218,909,9,2
2219,910,5,3
2220,911,5,3
2221,911,12,3
2222,911,6,4
2223,911,2,3
2224,912,10,3
2225,913,17,2
2226,914,4,5
2227,914,6,3
2228,915,10,1
2229,915,9,5
2230,915,12,5
2231,916,5,5
2232,916,1,3
2233,916,20,3
2234,917,14,2
2235,917,11,2
2236,917,6,5
2237,917,4,2
2238,918,18,5
2239,918,17,5
2240,919,14,4
2241,920,4,2
2242,921,16,3
2243,922,12,5
2244,922,5,5
2245,922,15,3
2246,923,10,1
2247,923,1,2
2248,924,5,3
2249,924,8,2
2250,925,5,4
2251,925,3,1
2252,926,1,4
2253,927,2,5
2254,927,7,5
2255,927,4,1
2256,927,20,4
2257,928,9,1
2258,929,10,1
2259,930,4,5
2260,931,19,2
2261,931,7,3
2262,932,3,2
2263,933,19,2
2264,933,12,5
2265,933,20,5
2266,934,17,1
2267,934,19,1
2268,935,17,2
2269,936,10,5
2270,936,6,1
2271,937,7,5
2272,938,12,1
2273,938,19,2
2274,938,6,3
2275,938,15,4
2276,939,7,1
2277,939,17,3
2278,939,8,1
2279,939,14,4
2280,940,17,2
2281,941,12,1
2282,941,10,3
2283,941,18,4
2284,941,2,1
2285,942,10,2
2286,942,15,5
2287,942,20,4
2288,942,19,3
2289,943,7,2
2290,943,3,1
2291,943,16,4
2292,943,12,1
2293,944,15,2
2294,944,17,4
2295,944,3,4
2296,944,4,5
2297,945,6,1
2298,946,7,5
2299,946,11,4
2300,946,20,1
2301,947,14,3
2302,947,16,5
2303,948,13,5
2304,948,12,4
2305,948,16,4
2306,949,5,1
2307,949,15,3
2308,949,4,4
2309,950,8,1
2310,950,5,1
2311,950,1,4
2312,950,4,1
2313,951,13,2
2314,951,11,3
2315,952,3,5
2316,953,15,4
2317,953,7,5
2318,953,10,3
2319,953,16,5
2320,954,18,1
2321,954,20,4
2322,954,1,1
2323,955,15,4
2324,955,11,1
2325,955,13,1
2326,955,20,2
2327,956,6,2
2328,956,16,3
2329,956,14,4
2330,957,4,4
2331,957,19,5
2332,957,16,2
2333,957,18,5
2334,958,13,3
2335,959,19,3
2336,959,13,1
2337,959,12,1
2338,959,10,5
2339,960,5,3
2340,961,19,4
2341,961,1,1
2342,961,11,4
2343,962,12,1
2344,962,14,2
2345,962,20,2
2346,963,10,1
2347,963,19,1
2348,964,4,1
2349,964,11,5
2350,964,6,3
2351,965,15,4
2352,966,9,3
2353,966,1,4
2354,966,16,5
2355,966,19,4
2356,967,19,1
2357,967,4,2
2358,967,16,3
2359,968,17,3
2360,968,11,4
2361,968,6,2
2362,968,10,4
2363,969,18,2
2364,970,9,5
2365,970,2,4
2366,970,10,2
2367,971,19,1
2368,972,9,4
2369,972,3,4
2370,972,17,2
2371,973,3,3
2372,973,10,4
2373,973,17,5
2374,974,7,3
2375,974,14,5
2376,974,13,5
2377,975,18,2
2378,975,6,5
2379,975,1,4
2380,975,17,2
2381,976,9,5
2382,976,18,2
2383,976,14,3
2384,976,2,4
2385,977,8,3
2386,977,5,4
2387,978,11,3
2388,978,3,3
2389,978,7,2
2390,978,14,3
2391,979,13,1
2392,979,8,2
2393,980,1,3
2394,980,8,4
2395,981,18,2
2396,981,14,2
2397,981,19,3
2398,981,2,2
2399,982,9,3
2400,983,2,1
2401,983,16,1
2402,984,11,5
2403,985,3,1
2404,985,14,4
2405,985,12,2
2406,986,4,5
2407,986,19,1
2408,987,16,5
2409,987,3,1
2410,987,8,3
2411,988,19,4
2412,988,13,2
2413,988,8,2
2414,989,6,2
2415,990,15,5
2416,990,14,1
2417,990,9,4
2418,991,4,4
2419,991,11,4
2420,991,18,2
2421,992,5,3
2422,992,12,3
2423,992,16,1
2424,993,2,2
2425,994,18,3
2426,994,13,1
2427,994,10,5
2428,995,15,1
2429,995,13,4
2430,996,10,3
2431,996,3,2
2432,996,8,2
2433,997,11,1
2434,997,14,4
2435,997,2,4
2436,997,9,4
2437,998,14,3
2438,998,4,5
2439,998,6,1
2440,999,14,4
2441,999,18,1
2442,999,11,1
2443,1000,15,1
2444,1000,5,4
